ID,Gender,SAT,Admission,Predicted_Probability,Predicted_Admission
296,Female,1422,Yes,0.7987941625521976,Yes
94,Female,1294,No,0.25936399598323384,No
68,Female,1351,No,0.5079905540810781,Yes
10,Male,1314,Yes,0.33852063344222555,No
336,Male,1396,Yes,0.7079765468933259,Yes
126,Male,1358,Yes,0.5410943458693505,Yes
6,Male,1253,No,0.13859460026718742,No
358,Female,1440,Yes,0.8481571210048652,Yes
258,Male,1261,No,0.1577242917170669,No
394,Male,1238,No,0.1079793364428298,No
86,Male,1292,No,0.25214305132075265,No
302,Male,1352,Yes,0.5127307706866214,Yes
268,Female,1297,No,0.27044433953638847,No
227,Male,1318,Yes,0.3557136697313152,No
323,Female,1418,Yes,0.7863223460581455,Yes
340,Male,1289,No,0.24156425372436646,No
199,Female,1458,Yes,0.8871209431964127,Yes
197,Female,1441,Yes,0.8505839937276909,Yes
43,Male,1218,No,0.07649629593718664,No
47,Male,1400,Yes,0.7234127183886913,Yes
290,Female,1311,No,0.3258970728861914,No
310,Female,1447,Yes,0.8644793841638202,Yes
231,Male,1370,Yes,0.5968552290446097,Yes
307,Male,1371,Yes,0.6014110621713374,Yes
294,Female,1320,No,0.3644552288169561,No
346,Male,1222,No,0.08203179223713657,No
58,Male,1394,Yes,0.7000715383062222,Yes
128,Female,1440,Yes,0.8481571210048652,Yes
166,Male,1276,No,0.19929258543422476,No
101,Female,1328,No,0.4002735143150779,No
255,Male,1187,No,0.04398284224922908,No
184,Male,1362,Yes,0.5598678195057264,Yes
267,Female,1513,Yes,0.9570971982682721,Yes
40,Male,1329,Yes,0.4048356409253937,No
375,Female,1437,Yes,0.8406821184472448,Yes
208,Male,1293,No,0.25573679515191483,No
163,Female,1298,No,0.2742032887288673,No
204,Female,1363,No,0.564536677352917,Yes
224,Male,1374,Yes,0.614970766596228,Yes
245,Male,1231,No,0.09583936813500321,No
378,Male,1378,Yes,0.6327731213331615,Yes
392,Male,1382,Yes,0.6502205270454506,Yes
70,Male,1195,No,0.05082412220512705,No
23,Female,1425,Yes,0.8077851407889557,Yes
37,Male,1358,Yes,0.5410943458693505,Yes
21,Male,1206,No,0.06188688018564114,No
78,Female,1494,Yes,0.9396050367312496,Yes
93,Male,1333,Yes,0.42324171229416846,No
328,Female,1348,No,0.49376469250338967,No
281,Male,1230,No,0.0942081662763048,No
344,Male,1273,No,0.19036672690718015,No
339,Male,1270,No,0.18174989497054628,No
5,Male,1224,No,0.08493432184711207,No
157,Male,1305,Yes,0.3014050362974971,No
181,Male,1276,No,0.19929258543422476,No
167,Female,1491,Yes,0.9362937411631661,Yes
234,Male,1226,No,0.08792971424345954,No
153,Female,1335,No,0.43252869340052497,No
132,Male,1403,Yes,0.7346532044952312,Yes
325,Female,1491,Yes,0.9362937411631661,Yes
120,Female,1336,No,0.437190453734358,No
256,Female,1441,Yes,0.8505839937276909,Yes
62,Female,1343,No,0.47008868574073454,No
251,Male,1369,Yes,0.5922826250927947,Yes
218,Female,1370,No,0.5968552290446097,Yes
17,Female,1287,No,0.23468184469834683,No
186,Male,1344,Yes,0.47481654347162516,No
377,Female,1334,No,0.42787885038444046,No
372,Female,1363,No,0.564536677352917,Yes
200,Female,1406,Yes,0.7455975253048933,Yes
217,Female,1407,Yes,0.7491788376329298,Yes
225,Male,1355,Yes,0.5269342897192226,Yes
373,Female,1301,No,0.28567306097262707,No
39,Male,1363,Yes,0.564536677352917,Yes
390,Female,1468,Yes,0.9047674287849139,Yes
28,Female,1315,No,0.3427812129877406,No
38,Female,1477,Yes,0.9184954639492595,Yes
105,Male,1339,Yes,0.451239240632171,No
214,Female,1409,Yes,0.7562402202217131,Yes
99,Female,1352,No,0.5127307706866214,Yes
237,Female,1363,No,0.564536677352917,Yes
277,Female,1482,Yes,0.925319775646036,Yes
134,Male,1323,Yes,0.37773542136060373,No
384,Male,1370,Yes,0.5968552290446097,Yes
11,Male,1190,No,0.046438777872001104,No
398,Female,1314,No,0.33852063344222555,No
262,Male,1265,No,0.16806796869861446,No
141,Male,1279,No,0.20852916474502514,No
104,Male,1285,No,0.22793659147714593,No
326,Female,1465,Yes,0.8997498706949153,Yes
334,Female,1417,Yes,0.7831178496187526,Yes
391,Female,1365,No,0.5738393492158589,Yes
360,Female,1494,Yes,0.9396050367312496,Yes
238,Female,1503,Yes,0.9485964523832269,Yes
59,Male,1232,No,0.09749577396205072,No
83,Female,1337,No,0.4418633354373055,No
353,Female,1391,No,0.6879882863815965,Yes
74,Male,1292,No,0.25214305132075265,No
110,Female,1424,Yes,0.804822624833004,Yes
57,Female,1303,No,0.2934774250934241,No
