Gender,Probability,Decision
Male,0.4,Unaccepted
Male,0.41285714285714287,Unaccepted
Male,0.4257142857142857,Unaccepted
Male,0.4385714285714286,Unaccepted
Male,0.45142857142857146,Unaccepted
Male,0.4642857142857143,Unaccepted
Male,0.47714285714285715,Unaccepted
Male,0.49,Unaccepted
Male,0.52,Accepted
Male,0.5454545454545455,Accepted
Male,0.5709090909090909,Accepted
Male,0.5963636363636364,Accepted
Male,0.6218181818181818,Accepted
Male,0.6472727272727273,Accepted
Male,0.6727272727272727,Accepted
Male,0.6981818181818182,Accepted
Male,0.7236363636363636,Accepted
Male,0.7490909090909091,Accepted
Male,0.7745454545454546,Accepted
Male,0.8,Accepted
Female,0.2,Unaccepted
Female,0.224,Unaccepted
Female,0.248,Unaccepted
Female,0.272,Unaccepted
Female,0.29600000000000004,Unaccepted
Female,0.32,Unaccepted
Female,0.34400000000000003,Unaccepted
Female,0.368,Unaccepted
Female,0.392,Unaccepted
Female,0.41600000000000004,Unaccepted
Female,0.44,Unaccepted
Female,0.51,Accepted
Female,0.52,Accepted
Female,0.53,Accepted
Female,0.54,Accepted
Female,0.55,Accepted
Female,0.56,Accepted
Female,0.52,Accepted
Female,0.56,Accepted
Female,0.6,Accepted
